{"PE_ratio": 32.91, "EPS_ratio": 6.42, "PS_ratio": 7.88, "roe_ratio": 1.38, "NetProfitMargin_ratio": 0.25986010759341016, "current_ratio": 0.8673125765340832, "div_yeild": 0.0049, "CAGR": 0.1918533110359244}