{"PE_ratio": 33.43, "EPS_ratio": 6.15, "PS_ratio": 3.356, "roe_ratio": 0.252, "NetProfitMargin_ratio": 0.1100233190078822, "current_ratio": 1.063734806137178, "div_yeild": null, "CAGR": 0.255251628847335}