{"PE_ratio": 46.05, "EPS_ratio": 2.94, "PS_ratio": 25.3, "roe_ratio": 1.192, "NetProfitMargin_ratio": 0.5616689125626096, "current_ratio": 4.439851498864077, "div_yeild": 0.0003, "CAGR": 0.23472151600059776}