{"PE_ratio": 197.6, "EPS_ratio": 1.74, "PS_ratio": 11.57, "roe_ratio": 0.0877, "NetProfitMargin_ratio": 0.021153348849237134, "current_ratio": 2.024912390270983, "div_yeild": null, "CAGR": null}